{"cameraMode":{"drawMode":0,"name":"Shaded","section":"Shading Mode"},"sceneLighting":true,"audioPlay":false,"sceneViewState":{"showFog":true,"showMaterialUpdate":true,"showSkybox":true,"showFlares":true,"showImageEffects":true,"showParticleSystems":true},"in2DMode":false,"pivot":{"x":-0.7092342972755432,"y":18.102588653564454,"z":40.949771881103519},"rotation":{"x":-0.04410455748438835,"y":0.9294982552528381,"z":-0.34669777750968935,"w":-0.11828062683343888},"size":4.2656707763671879,"orthographic":false}