{"cameraMode":{"drawMode":0,"name":"Shaded","section":"Shading Mode"},"sceneLighting":true,"audioPlay":false,"sceneViewState":{"showFog":true,"showMaterialUpdate":true,"showSkybox":true,"showFlares":true,"showImageEffects":true,"showParticleSystems":true},"in2DMode":false,"pivot":{"x":-1.790344476699829,"y":8.501030921936036,"z":33.29664993286133},"rotation":{"x":0.034648433327674869,"y":0.937999427318573,"z":-0.3307628929615021,"w":0.09831956028938294},"size":4.2656707763671879,"orthographic":false}