{"cameraMode":{"drawMode":0,"name":"Shaded","section":"Shading Mode"},"sceneLighting":true,"audioPlay":false,"sceneViewState":{"showFog":true,"showMaterialUpdate":true,"showSkybox":true,"showFlares":true,"showImageEffects":true,"showParticleSystems":true},"in2DMode":false,"pivot":{"x":0.5824550986289978,"y":7.651260852813721,"z":30.529470443725587},"rotation":{"x":0.004823369439691305,"y":0.9525696039199829,"z":-0.30409491062164309,"w":0.01518218219280243},"size":4.2656707763671879,"orthographic":false}