{"cameraMode":{"drawMode":0,"name":"Shaded","section":"Shading Mode"},"sceneLighting":true,"audioPlay":false,"sceneViewState":{"showFog":true,"showMaterialUpdate":true,"showSkybox":true,"showFlares":true,"showImageEffects":true,"showParticleSystems":true},"in2DMode":false,"pivot":{"x":1.9833340644836426,"y":-0.005445715971291065,"z":-7.8259053230285648},"rotation":{"x":0.04417922720313072,"y":0.9539323449134827,"z":-0.17685037851333619,"w":0.23830284178256989},"size":10.0,"orthographic":false}