{"cameraMode":{"drawMode":0,"name":"Shaded","section":"Shading Mode"},"sceneLighting":true,"audioPlay":false,"sceneViewState":{"showFog":true,"showMaterialUpdate":true,"showSkybox":true,"showFlares":true,"showImageEffects":true,"showParticleSystems":true},"in2DMode":false,"pivot":{"x":-1.9541332721710206,"y":8.345702171325684,"z":24.101219177246095},"rotation":{"x":0.010054321959614754,"y":0.9760406613349915,"z":-0.21264374256134034,"w":0.04633558914065361},"size":4.238744735717773,"orthographic":false}